Workbook

Sheet satellite_costs_by_year
A1: program_name | B1: mission_type | C1: orbit_class | D1: fiscal_year | E1: phase | F1: development_spend_musd | G1: production_spend_musd | H1: ops_spend_musd | I1: maintenance_spend_musd | J1: disposal_spend_musd | K1: total_annual_cost_musd | L1: program_phase
A2: Comsat-1A | B2: Communications | C2: GEO | D2: 1998 | E2: Development/Production | F2: 14.48 | G2: 0 | H2: 0 | I2: 0 | J2: 0 | K2: =SUM(F2:J2) -> 14.48 | L2: =_xlfn.XLOOKUP(A2,satellite_programs!A:A,satellite_programs!N:N) -> Retired
A3: Comsat-1A | B3: Communications | C3: GEO | D3: 1999 | E3: Development/Production | F3: 28.95 | G3: 0 | H3: 0 | I3: 0 | J3: 0 | K3: =SUM(F3:J3) -> 28.95 | L3: =_xlfn.XLOOKUP(A3,satellite_programs!A:A,satellite_programs!N:N) -> Retired
A4: Comsat-1A | B4: Communications | C4: GEO | D4: 2000 | E4: Development/Production | F4: 52.11 | G4: 0 | H4: 0 | I4: 0 | J4: 0 | K4: =SUM(F4:J4) -> 52.11 | L4: =_xlfn.XLOOKUP(A4,satellite_programs!A:A,satellite_programs!N:N) -> Retired
A5: Comsat-1A | B5: Communications | C5: GEO | D5: 2001 | E5: Development/Production | F5: 63.69 | G5: 0 | H5: 0 | I5: 0 | J5: 0 | K5: =SUM(F5:J5) -> 63.69 | L5: =_xlfn.XLOOKUP(A5,satellite_programs!A:A,satellite_programs!N:N) -> Retired
A6: Comsat-1A | B6: Communications | C6: GEO | D6: 2002 | E6: Development/Production | F6: 57.9 | G6: 0 | H6: 0 | I6: 0 | J6: 0 | K6: =SUM(F6:J6) -> 57.9 | L6: =_xlfn.XLOOKUP(A6,satellite_programs!A:A,satellite_programs!N:N) -> Retired
A7: Comsat-1A | B7: Communications | C7: GEO | D7: 2003 | E7: Development/Production | F7: 37.64 | G7: 61.14 | H7: 0 | I7: 0 | J7: 0 | K7: =SUM(F7:J7) -> 98.78 | L7: =_xlfn.XLOOKUP(A7,satellite_programs!A:A,satellite_programs!N:N) -> Retired
A8: Comsat-1A | B8: Communications | C8: GEO | D8: 2004 | E8: Development/Production | F8: 23.16 | G8: 50.03 | H8: 0 | I8: 0 | J8: 0 | K8: =SUM(F8:J8) -> 73.19 | L8: =_xlfn.XLOOKUP(A8,satellite_programs!A:A,satellite_programs!N:N) -> Retired
A9: Comsat-1A | B9: Communications | C9: GEO | D9: 2005 | E9: Operations | F9: 0 | G9: 0 | H9: 40.8 | I9: 17.04 | J9: 0 | K9: =SUM(F9:J9) -> 57.84 | L9: =_xlfn.XLOOKUP(A9,satellite_programs!A:A,satellite_programs!N:N) -> Retired
A10: Comsat-1A | B10: Communications | C10: GEO | D10: 2006 | E10: Operations | F10: 0 | G10: 0 | H10: 40.8 | I10: 17.55 | J10: 0 | K10: =SUM(F10:J10) -> 58.35 | L10: =_xlfn.XLOOKUP(A10,satellite_programs!A:A,satellite_programs!N:N) -> Retired
A11: Comsat-1A | B11: Communications | C11: GEO | D11: 2007 | E11: Operations | F11: 0 | G11: 0 | H11: 40.8 | I11: 18.06 | J11: 0 | K11: =SUM(F11:J11) -> 58.86 | L11: =_xlfn.XLOOKUP(A11,satellite_programs!A:A,satellite_programs!N:N) -> Retired
A12: Comsat-1A | B12: Communications | C12: GEO | D12: 2008 | E12: Operations | F12: 0 | G12: 0 | H12: 40.8 | I12: 18.57 | J12: 0 | K12: =SUM(F12:J12) -> 59.37 | L12: =_xlfn.XLOOKUP(A12,satellite_programs!A:A,satellite_programs!N:N) -> Retired
A13: Comsat-1A | B13: Communications | C13: GEO | D13: 2009 | E13: Operations | F13: 0 | G13: 0 | H13: 40.8 | I13: 19.08 | J13: 0 | K13: =SUM(F13:J13) -> 59.88 | L13: =_xlfn.XLOOKUP(A13,satellite_programs!A:A,satellite_programs!N:N) -> Retired
... A841: WeatherSat-5 | B841: Meteorology | C841: GEO | D841: 2036 | E841: Disposal | F841: 0 | G841: 0 | H841: 0 | I841: 0 | J841: 22.4 | K841: =SUM(F841:J841) -> 22.4 | L841: =_xlfn.XLOOKUP(A841,satellite_programs!A:A,satellite_programs!N:N) -> Operations

Sheet satellite_programs
A1: program_name | B1: mission_type | C1: orbit_class | D1: dry_mass_kg | E1: bol_power_w | F1: design_life_yrs | G1: num_instruments | H1: software_sloc_k | I1: contractor_heritage | J1: technology_readiness_level | K1: year_development_start | L1: launch_year | M1: end_of_life_year | N1: program_phase | O1: development_cost_fy2020_musd | P1: production_cost_fy2020_musd | Q1: annual_ops_cost_fy2020_musd | R1: total_ops_cost_fy2020_musd | S1: total_maintenance_cost_fy2020_musd | T1: disposal_cost_fy2020_musd | U1: total_lcc_fy2020_musd | V1: Check_Dev_Cost | W1: Check_Prod_Cost | X1: Check_yearly_spend
A2: Comsat-1A | B2: Communications | C2: GEO | D2: 1850 | E2: 8200 | F2: 15 | G2: 3 | H2: 420 | I2: High | J2: 9 | K2: 1998 | L2: 2005 | M2: 2020 | N2: Retired | O2: 277.93 | P2: 111.17 | Q2: 40.8 | R2: 612 | S2: 309.27 | T2: 21.7 | U2: 1332.07 | V2: =O2=SUMIF(satellite_components!A:A,satellite_programs!A2,satellite_components!H:H) -> TRUE | W2: =P2=SUMIF(satellite_components!A:A,satellite_programs!A2,satellite_components!I:I) -> TRUE | X2: =U2=SUMIF(satellite_costs_by_year!A:A,satellite_programs!A2,satellite_costs_by_year!K:K) -> TRUE
A3: Comsat-2B | B3: Communications | C3: GEO | D3: 2100 | E3: 9800 | F3: 15 | G3: 4 | H3: 510 | I3: High | J3: 9 | K3: 2001 | L3: 2008 | M3: 2023 | N3: Retired | O3: 312.76 | P3: 125.1 | Q3: 43.6 | R3: 654 | S3: 328.88 | T3: 22.2 | U3: 1442.94 | V3: =O3=SUMIF(satellite_components!A:A,satellite_programs!A3,satellite_components!H:H) -> TRUE | W3: =P3=SUMIF(satellite_components!A:A,satellite_programs!A3,satellite_components!I:I) -> TRUE | X3: =U3=SUMIF(satellite_costs_by_year!A:A,satellite_programs!A3,satellite_costs_by_year!K:K) -> TRUE
A4: Comsat-3C | B4: Communications | C4: GEO | D4: 2450 | E4: 11200 | F4: 17 | G4: 4 | H4: 580 | I4: High | J4: 9 | K4: 2004 | L4: 2011 | M4: 2028 | N4: Operations | O4: 368.66 | P4: 147.46 | Q4: 45 | R4: 765 | S4: 399.68 | T4: 22.9 | U4: 1703.7 | V4: =O4=SUMIF(satellite_components!A:A,satellite_programs!A4,satellite_components!H:H) -> TRUE | W4: =P4=SUMIF(satellite_components!A:A,satellite_programs!A4,satellite_components!I:I) -> TRUE | X4: =U4=SUMIF(satellite_costs_by_year!A:A,satellite_programs!A4,satellite_costs_by_year!K:K) -> TRUE
A5: Comsat-4D | B5: Communications | C5: GEO | D5: 2780 | E5: 13500 | F5: 18 | G5: 5 | H5: 640 | I5: High | J5: 9 | K5: 2007 | L5: 2014 | M5: 2032 | N5: Operations | O5: 422.64 | P5: 169.06 | Q5: 48.12 | R5: 866.16 | S5: 444.56 | T5: 23.56 | U5: 1925.98 | V5: =O5=SUMIF(satellite_components!A:A,satellite_programs!A5,satellite_components!H:H) -> TRUE | W5: =P5=SUMIF(satellite_components!A:A,satellite_programs!A5,satellite_components!I:I) -> TRUE | X5: =U5=SUMIF(satellite_costs_by_year!A:A,satellite_programs!A5,satellite_costs_by_year!K:K) -> TRUE
A6: Comsat-5E | B6: Communications | C6: GEO | D6: 3100 | E6: 15000 | F6: 18 | G6: 5 | H6: 700 | I6: High | J6: 9 | K6: 2010 | L6: 2017 | M6: 2035 | N6: Operations | O6: 463.32 | P6: 185.33 | Q6: 49.4 | R6: 889.2 | S6: 460.83 | T6: 24.2 | U6: 2022.88 | V6: =O6=SUMIF(satellite_components!A:A,satellite_programs!A6,satellite_components!H:H) -> TRUE | W6: =P6=SUMIF(satellite_components!A:A,satellite_programs!A6,satellite_components!I:I) -> TRUE | X6: =U6=SUMIF(satellite_costs_by_year!A:A,satellite_programs!A6,satellite_costs_by_year!K:K) -> TRUE
A7: EarthObs-1 | B7: Earth Observation | C7: LEO | D7: 680 | E7: 1100 | F7: 7 | G7: 5 | H7: 310 | I7: Medium | J7: 8 | K7: 1997 | L7: 2003 | M7: 2010 | N7: Retired | O7: 95.82 | P7: 38.33 | Q7: 29.72 | R7: 208.04 | S7: 142.83 | T7: 9.36 | U7: 494.38 | V7: =O7=SUMIF(satellite_components!A:A,satellite_programs!A7,satellite_components!H:H) -> TRUE | W7: =P7=SUMIF(satellite_components!A:A,satellite_programs!A7,satellite_components!I:I) -> TRUE | X7: =U7=SUMIF(satellite_costs_by_year!A:A,satellite_programs!A7,satellite_costs_by_year!K:K) -> TRUE
A8: EarthObs-2 | B8: Earth Observation | C8: LEO | D8: 720 | E8: 1250 | F8: 7 | G8: 6 | H8: 340 | I8: Medium | J8: 8 | K8: 1999 | L8: 2005 | M8: 2012 | N8: Retired | O8: 102.02 | P8: 40.81 | Q8: 31.68 | R8: 221.76 | S8: 145.57 | T8: 9.44 | U8: 519.6 | V8: =O8=SUMIF(satellite_components!A:A,satellite_programs!A8,satellite_components!H:H) -> TRUE | W8: =P8=SUMIF(satellite_components!A:A,satellite_programs!A8,satellite_components!I:I) -> TRUE | X8: =U8=SUMIF(satellite_costs_by_year!A:A,satellite_programs!A8,satellite_costs_by_year!K:K) -> TRUE
A9: EarthObs-3 | B9: Earth Observation | C9: LEO | D9: 810 | E9: 1400 | F9: 8 | G9: 6 | H9: 390 | I9: Medium | J9: 8 | K9: 2002 | L9: 2008 | M9: 2016 | N9: Retired | O9: 117.27 | P9: 46.91 | Q9: 32.04 | R9: 256.32 | S9: 173.96 | T9: 9.62 | U9: 604.08 | V9: =O9=SUMIF(satellite_components!A:A,satellite_programs!A9,satellite_components!H:H) -> TRUE | W9: =P9=SUMIF(satellite_components!A:A,satellite_programs!A9,satellite_components!I:I) -> TRUE | X9: =U9=SUMIF(satellite_costs_by_year!A:A,satellite_programs!A9,satellite_costs_by_year!K:K) -> TRUE
A10: EarthObs-4 | B10: Earth Observation | C10: LEO | D10: 950 | E10: 1650 | F10: 8 | G10: 7 | H10: 450 | I10: Medium | J10: 9 | K10: 2005 | L10: 2011 | M10: 2019 | N10: Retired | O10: 127.41 | P10: 50.96 | Q10: 34.4 | R10: 275.2 | S10: 180.33 | T10: 9.9 | U10: 643.8 | V10: =O10=SUMIF(satellite_components!A:A,satellite_programs!A10,satellite_components!H:H) -> TRUE | W10: =P10=SUMIF(satellite_components!A:A,satellite_programs!A10,satellite_components!I:I) -> TRUE | X10: =U10=SUMIF(satellite_costs_by_year!A:A,satellite_programs!A10,satellite_costs_by_year!K:K) -> TRUE
A11: EarthObs-5 | B11: Earth Observation | C11: LEO | D11: 1050 | E11: 1900 | F11: 10 | G11: 7 | H11: 480 | I11: Medium | J11: 9 | K11: 2008 | L11: 2014 | M11: 2024 | N11: Retired | O11: 149.55 | P11: 59.82 | Q11: 34.8 | R11: 348 | S11: 235.63 | T11: 10.1 | U11: 803.1 | V11: =O11=SUMIF(satellite_components!A:A,satellite_programs!A11,satellite_components!H:H) -> TRUE | W11: =P11=SUMIF(satellite_components!A:A,satellite_programs!A11,satellite_components!I:I) -> TRUE | X11: =U11=SUMIF(satellite_costs_by_year!A:A,satellite_programs!A11,satellite_costs_by_year!K:K) -> TRUE
A12: EarthObs-6 | B12: Earth Observation | C12: LEO | D12: 1200 | E12: 2100 | F12: 10 | G12: 8 | H12: 520 | I12: Medium | J12: 9 | K12: 2011 | L12: 2018 | M12: 2028 | N12: Operations | O12: 166.41 | P12: 66.56 | Q12: 37.2 | R12: 372 | S12: 241.07 | T12: 10.4 | U12: 856.44 | V12: =O12=SUMIF(satellite_components!A:A,satellite_programs!A12,satellite_components!H:H) -> TRUE | W12: =P12=SUMIF(satellite_components!A:A,satellite_programs!A12,satellite_components!I:I) -> TRUE | X12: =U12=SUMIF(satellite_costs_by_year!A:A,satellite_programs!A12,satellite_costs_by_year!K:K) -> TRUE
A13: EarthObs-7 | B13: Earth Observation | C13: LEO | D13: 1380 | E13: 2400 | F13: 12 | G13: 8 | H13: 560 | I13: High | J13: 9 | K13: 2014 | L13: 2021 | M13: 2033 | N13: Operations | O13: 168.04 | P13: 67.22 | Q13: 37.92 | R13: 455.04 | S13: 303.64 | T13: 10.76 | U13: 1004.7 | V13: =O13=SUMIF(satellite_components!A:A,satellite_programs!A13,satellite_components!H:H) -> TRUE | W13: =P13=SUMIF(satellite_components!A:A,satellite_programs!A13,satellite_components!I:I) -> TRUE | X13: =U13=SUMIF(satellite_costs_by_year!A:A,satellite_programs!A13,satellite_costs_by_year!K:K) -> TRUE
... A51: DeepSpace-3 | B51: Science | C51: Interplanetary | D51: 890 | E51: 1250 | F51: 12 | G51: 9 | H51: 640 | I51: Medium | J51: 8 | K51: 2012 | L51: 2018 | M51: 2030 | N51: Operations | O51: 137.65 | P51: 55.06 | Q51: 57.76 | R51: 693.12 | S51: 386.94 | T51: 6.78 | U51: 1279.55 | V51: =O51=SUMIF(satellite_components!A:A,satellite_programs!A51,satellite_components!H:H) -> TRUE | W51: =P51=SUMIF(satellite_components!A:A,satellite_programs!A51,satellite_components!I:I) -> TRUE | X51: =U51=SUMIF(satellite_costs_by_year!A:A,satellite_programs!A51,satellite_costs_by_year!K:K) -> TRUE

Sheet satellite_production_detail
A1: program_name | B1: mission_type | C1: orbit_class | D1: contractor_heritage | E1: technology_readiness_level | F1: launch_year | G1: units_produced | H1: total_production_cost_fy2020_musd | I1: unit_cost_fy2020_musd | J1: labor_cost_fy2020_musd | K1: material_cost_fy2020_musd | L1: subcontractor_cost_fy2020_musd | M1: integration_assembly_test_cost_fy2020_musd | N1: quality_assurance_cost_fy2020_musd | O1: scrap_and_rework_cost_fy2020_musd | P1: scrap_rework_rate_pct | Q1: total_labor_hours | R1: peak_headcount_persons | S1: labor_cost_pct | T1: material_cost_pct | U1: subcontractor_cost_pct
A2: Comsat-1A | B2: Communications | C2: GEO | D2: High | E2: 9 | F2: 2005 | G2: 1 | H2: 111.17 | I2: 111.17 | J2: 46.69 | K2: 31.13 | L2: 20.01 | M2: 8.89 | N2: 4.45 | O2: 3.34 | P2: 3 | Q2: 524947 | R2: 58 | S2: 42 | T2: 28 | U2: 18
A3: Comsat-2B | B3: Communications | C3: GEO | D3: High | E3: 9 | F3: 2008 | G3: 1 | H3: 125.1 | I3: 125.1 | J3: 52.54 | K3: 35.03 | L3: 22.52 | M3: 10.01 | N3: 5 | O3: 3.75 | P3: 3 | Q3: 590720 | R3: 65 | S3: 42 | T3: 28 | U3: 18
A4: Comsat-3C | B4: Communications | C4: GEO | D4: High | E4: 9 | F4: 2011 | G4: 1 | H4: 147.46 | I4: 147.46 | J4: 61.93 | K4: 41.29 | L4: 26.54 | M4: 11.8 | N4: 5.9 | O4: 4.42 | P4: 3 | Q4: 696294 | R4: 77 | S4: 42 | T4: 28 | U4: 18
A5: Comsat-4D | B5: Communications | C5: GEO | D5: High | E5: 9 | F5: 2014 | G5: 1 | H5: 169.06 | I5: 169.06 | J5: 71.01 | K5: 47.34 | L5: 30.43 | M5: 13.52 | N5: 6.76 | O5: 5.07 | P5: 3 | Q5: 798383 | R5: 88 | S5: 42 | T5: 28 | U5: 18
A6: Comsat-5E | B6: Communications | C6: GEO | D6: High | E6: 9 | F6: 2017 | G6: 1 | H6: 185.33 | I6: 185.33 | J6: 77.84 | K6: 51.89 | L6: 33.36 | M6: 14.83 | N6: 7.41 | O6: 5.56 | P6: 3 | Q6: 875174 | R6: 96 | S6: 42 | T6: 28 | U6: 18
A7: EarthObs-1 | B7: Earth Observation | C7: LEO | D7: Medium | E7: 8 | F7: 2003 | G7: 1 | H7: 38.33 | I7: 38.33 | J7: 14.57 | K7: 11.5 | L7: 7.66 | M7: 3.07 | N7: 1.53 | O7: 1.46 | P7: 3.8 | Q7: 180390 | R7: 23 | S7: 38 | T7: 30 | U7: 20
A8: EarthObs-2 | B8: Earth Observation | C8: LEO | D8: Medium | E8: 8 | F8: 2005 | G8: 1 | H8: 40.81 | I8: 40.81 | J8: 15.51 | K8: 12.24 | L8: 8.17 | M8: 3.26 | N8: 1.63 | O8: 1.55 | P8: 3.8 | Q8: 192029 | R8: 25 | S8: 38 | T8: 30 | U8: 20
A9: EarthObs-3 | B9: Earth Observation | C9: LEO | D9: Medium | E9: 8 | F9: 2008 | G9: 1 | H9: 46.91 | I9: 46.91 | J9: 17.83 | K9: 14.07 | L9: 9.38 | M9: 3.75 | N9: 1.88 | O9: 1.78 | P9: 3.8 | Q9: 220752 | R9: 28 | S9: 38 | T9: 30 | U9: 20
A10: EarthObs-4 | B10: Earth Observation | C10: LEO | D10: Medium | E10: 9 | F10: 2011 | G10: 1 | H10: 50.96 | I10: 50.96 | J10: 19.36 | K10: 15.29 | L10: 10.19 | M10: 4.08 | N10: 2.04 | O10: 1.53 | P10: 3 | Q10: 239695 | R10: 31 | S10: 38 | T10: 30 | U10: 20
A11: EarthObs-5 | B11: Earth Observation | C11: LEO | D11: Medium | E11: 9 | F11: 2014 | G11: 1 | H11: 59.82 | I11: 59.82 | J11: 22.73 | K11: 17.95 | L11: 11.96 | M11: 4.79 | N11: 2.39 | O11: 1.79 | P11: 3 | Q11: 281419 | R11: 36 | S11: 38 | T11: 30 | U11: 20
A12: EarthObs-6 | B12: Earth Observation | C12: LEO | D12: Medium | E12: 9 | F12: 2018 | G12: 1 | H12: 66.56 | I12: 66.56 | J12: 25.29 | K12: 19.97 | L12: 13.32 | M12: 5.32 | N12: 2.66 | O12: 2 | P12: 3 | Q12: 313114 | R12: 34 | S12: 38 | T12: 30 | U12: 20
A13: EarthObs-7 | B13: Earth Observation | C13: LEO | D13: High | E13: 9 | F13: 2021 | G13: 1 | H13: 67.22 | I13: 67.22 | J13: 25.54 | K13: 20.17 | L13: 13.44 | M13: 5.38 | N13: 2.69 | O13: 2.02 | P13: 3 | Q13: 287152 | R13: 32 | S13: 38 | T13: 30 | U13: 20
... A51: DeepSpace-3 | B51: Science | C51: Interplanetary | D51: Medium | E51: 8 | F51: 2018 | G51: 1 | H51: 55.06 | I51: 55.06 | J51: 24.78 | K51: 14.32 | L51: 9.36 | M51: 4.4 | N51: 2.2 | O51: 2.09 | P51: 3.8 | Q51: 306800 | R51: 39 | S51: 45 | T51: 26 | U51: 17

Sheet satellite_components
A1: program_name | B1: mission_type | C1: orbit_class | D1: wbs_id | E1: subsystem | F1: subsystem_mass_kg | G1: subsystem_power_w | H1: subsystem_dev_cost_fy2020_musd | I1: subsystem_prod_cost_fy2020_musd | J1: subsystem_total_cost_fy2020_musd | K1: year_development_start | L1: launch_year
A2: Comsat-1A | B2: Communications | C2: GEO | D2: 1.1 | E2: Structures & Mechanisms | F2: 333 | G2: 0 | H2: 22.3 | I2: 13.4 | J2: =SUM(H2:I2) -> 35.7 | K2: 1998 | L2: 2005
A3: Comsat-1A | B3: Communications | C3: GEO | D3: 1.2 | E3: Thermal Control | F3: 111 | G3: 246 | H3: 13.94 | I3: 6.7 | J3: =SUM(H3:I3) -> 20.64 | K3: 1998 | L3: 2005
A4: Comsat-1A | B4: Communications | C4: GEO | D4: 1.3 | E4: Power (EPS + Solar Arrays) | F4: 222 | G4: 3690 | H4: 27.88 | I4: 14.51 | J4: =SUM(H4:I4) -> 42.39 | K4: 1998 | L4: 2005
A5: Comsat-1A | B5: Communications | C5: GEO | D5: 1.4 | E5: Propulsion | F5: 185 | G5: 82 | H5: 19.51 | I5: 10.05 | J5: =SUM(H5:I5) -> 29.56 | K5: 1998 | L5: 2005
A6: Comsat-1A | B6: Communications | C6: GEO | D6: 1.5 | E6: Attitude Control (ADCS) | F6: 148 | G6: 410 | H6: 25.09 | I6: 8.93 | J6: =SUM(H6:I6) -> 34.02 | K6: 1998 | L6: 2005
A7: Comsat-1A | B7: Communications | C7: GEO | D7: 1.6 | E7: Command & Data Handling | F7: 74 | G7: 492 | H7: 22.3 | I7: 7.82 | J7: =SUM(H7:I7) -> 30.12 | K7: 1998 | L7: 2005
A8: Comsat-1A | B8: Communications | C8: GEO | D8: 1.7 | E8: Communications / RF | F8: 129.5 | G8: 1230 | H8: 25.09 | I8: 11.17 | J8: =SUM(H8:I8) -> 36.26 | K8: 1998 | L8: 2005
A9: Comsat-1A | B9: Communications | C9: GEO | D9: 1.8 | E9: Payload / Instruments | F9: 370 | G9: 1476 | H9: 58.88 | I9: 19.29 | J9: =SUM(H9:I9) -> 78.17 | K9: 1998 | L9: 2005
A10: Comsat-1A | B10: Communications | C10: GEO | D10: 1.9 | E10: Software | F10: 0 | G10: 0 | H10: 35.06 | I10: 7.02 | J10: =SUM(H10:I10) -> 42.08 | K10: 1998 | L10: 2005
A11: Comsat-1A | B11: Communications | C11: GEO | D11: 1.1 | E11: Integration, Assembly & Test | F11: 0 | G11: 0 | H11: 27.88 | I11: 12.28 | J11: =SUM(H11:I11) -> 40.16 | K11: 1998 | L11: 2005
A12: Comsat-2B | B12: Communications | C12: GEO | D12: 1.1 | E12: Structures & Mechanisms | F12: 378 | G12: 0 | H12: 24.77 | I12: 14.94 | J12: =SUM(H12:I12) -> 39.71 | K12: 2001 | L12: 2008
A13: Comsat-2B | B13: Communications | C13: GEO | D13: 1.2 | E13: Thermal Control | F13: 126 | G13: 294 | H13: 15.48 | I13: 7.47 | J13: =SUM(H13:I13) -> 22.95 | K13: 2001 | L13: 2008
... A501: DeepSpace-3 | B501: Science | C501: Interplanetary | D501: 1.1 | E501: Integration, Assembly & Test | F501: 0 | G501: 0 | H501: 12.98 | I501: 5.8 | J501: =SUM(H501:I501) -> 18.78 | K501: 2012 | L501: 2018

Sheet Integrity Checks
B4: Check | C4: Integrity
B5: Development Costs | C5: {=_xlfn.UNIQUE(_xlfn._xlws.FILTER(satellite_programs!V:V,(satellite_programs!V:V<>satellite_programs!$V$1)*(satellite_programs!V:V<>"")))} -> TRUE
B6: Production Costs | C6: {=_xlfn.UNIQUE(_xlfn._xlws.FILTER(satellite_programs!W:W,(satellite_programs!W:W<>satellite_programs!$W$1)*(satellite_programs!W:W<>"")))} -> TRUE
B7: Yearly Spending | C7: {=_xlfn.UNIQUE(_xlfn._xlws.FILTER(satellite_programs!X:X,(satellite_programs!X:X<>satellite_programs!$X$1)*(satellite_programs!X:X<>"")))} -> TRUE
